{
  "hash": "0fe1892f",
  "configHash": "d01d8d3b",
  "lockfileHash": "38920ded",
  "browserHash": "62246f49",
  "optimized": {
    "@angular/common": {
      "src": "../../../../../../node_modules/@angular/common/fesm2022/common.mjs",
      "file": "@angular_common.js",
      "fileHash": "c35839ab",
      "needsInterop": false
    },
    "@angular/common/http": {
      "src": "../../../../../../node_modules/@angular/common/fesm2022/http.mjs",
      "file": "@angular_common_http.js",
      "fileHash": "870821ec",
      "needsInterop": false
    },
    "@angular/core": {
      "src": "../../../../../../node_modules/@angular/core/fesm2022/core.mjs",
      "file": "@angular_core.js",
      "fileHash": "2621fc91",
      "needsInterop": false
    },
    "@angular/forms": {
      "src": "../../../../../../node_modules/@angular/forms/fesm2022/forms.mjs",
      "file": "@angular_forms.js",
      "fileHash": "36bc5ab1",
      "needsInterop": false
    },
    "@angular/material/autocomplete": {
      "src": "../../../../../../node_modules/@angular/material/fesm2022/autocomplete.mjs",
      "file": "@angular_material_autocomplete.js",
      "fileHash": "593da28c",
      "needsInterop": false
    },
    "@angular/material/button": {
      "src": "../../../../../../node_modules/@angular/material/fesm2022/button.mjs",
      "file": "@angular_material_button.js",
      "fileHash": "68ff2412",
      "needsInterop": false
    },
    "@angular/material/card": {
      "src": "../../../../../../node_modules/@angular/material/fesm2022/card.mjs",
      "file": "@angular_material_card.js",
      "fileHash": "af3a80e2",
      "needsInterop": false
    },
    "@angular/material/checkbox": {
      "src": "../../../../../../node_modules/@angular/material/fesm2022/checkbox.mjs",
      "file": "@angular_material_checkbox.js",
      "fileHash": "8aa793a4",
      "needsInterop": false
    },
    "@angular/material/chips": {
      "src": "../../../../../../node_modules/@angular/material/fesm2022/chips.mjs",
      "file": "@angular_material_chips.js",
      "fileHash": "c4f48c72",
      "needsInterop": false
    },
    "@angular/material/core": {
      "src": "../../../../../../node_modules/@angular/material/fesm2022/core.mjs",
      "file": "@angular_material_core.js",
      "fileHash": "52cf0b43",
      "needsInterop": false
    },
    "@angular/material/datepicker": {
      "src": "../../../../../../node_modules/@angular/material/fesm2022/datepicker.mjs",
      "file": "@angular_material_datepicker.js",
      "fileHash": "183e0580",
      "needsInterop": false
    },
    "@angular/material/dialog": {
      "src": "../../../../../../node_modules/@angular/material/fesm2022/dialog.mjs",
      "file": "@angular_material_dialog.js",
      "fileHash": "824a08d3",
      "needsInterop": false
    },
    "@angular/material/divider": {
      "src": "../../../../../../node_modules/@angular/material/fesm2022/divider.mjs",
      "file": "@angular_material_divider.js",
      "fileHash": "2b8ee297",
      "needsInterop": false
    },
    "@angular/material/form-field": {
      "src": "../../../../../../node_modules/@angular/material/fesm2022/form-field.mjs",
      "file": "@angular_material_form-field.js",
      "fileHash": "1948f6b3",
      "needsInterop": false
    },
    "@angular/material/icon": {
      "src": "../../../../../../node_modules/@angular/material/fesm2022/icon.mjs",
      "file": "@angular_material_icon.js",
      "fileHash": "459d8cce",
      "needsInterop": false
    },
    "@angular/material/input": {
      "src": "../../../../../../node_modules/@angular/material/fesm2022/input.mjs",
      "file": "@angular_material_input.js",
      "fileHash": "74b45901",
      "needsInterop": false
    },
    "@angular/material/list": {
      "src": "../../../../../../node_modules/@angular/material/fesm2022/list.mjs",
      "file": "@angular_material_list.js",
      "fileHash": "2265559e",
      "needsInterop": false
    },
    "@angular/material/paginator": {
      "src": "../../../../../../node_modules/@angular/material/fesm2022/paginator.mjs",
      "file": "@angular_material_paginator.js",
      "fileHash": "d0a8cd4f",
      "needsInterop": false
    },
    "@angular/material/progress-spinner": {
      "src": "../../../../../../node_modules/@angular/material/fesm2022/progress-spinner.mjs",
      "file": "@angular_material_progress-spinner.js",
      "fileHash": "c72e975f",
      "needsInterop": false
    },
    "@angular/material/radio": {
      "src": "../../../../../../node_modules/@angular/material/fesm2022/radio.mjs",
      "file": "@angular_material_radio.js",
      "fileHash": "da602c7a",
      "needsInterop": false
    },
    "@angular/material/select": {
      "src": "../../../../../../node_modules/@angular/material/fesm2022/select.mjs",
      "file": "@angular_material_select.js",
      "fileHash": "f42e3de1",
      "needsInterop": false
    },
    "@angular/material/sidenav": {
      "src": "../../../../../../node_modules/@angular/material/fesm2022/sidenav.mjs",
      "file": "@angular_material_sidenav.js",
      "fileHash": "bfa79e2e",
      "needsInterop": false
    },
    "@angular/material/slide-toggle": {
      "src": "../../../../../../node_modules/@angular/material/fesm2022/slide-toggle.mjs",
      "file": "@angular_material_slide-toggle.js",
      "fileHash": "85c62311",
      "needsInterop": false
    },
    "@angular/material/slider": {
      "src": "../../../../../../node_modules/@angular/material/fesm2022/slider.mjs",
      "file": "@angular_material_slider.js",
      "fileHash": "1e3e881a",
      "needsInterop": false
    },
    "@angular/material/snack-bar": {
      "src": "../../../../../../node_modules/@angular/material/fesm2022/snack-bar.mjs",
      "file": "@angular_material_snack-bar.js",
      "fileHash": "784774a3",
      "needsInterop": false
    },
    "@angular/material/sort": {
      "src": "../../../../../../node_modules/@angular/material/fesm2022/sort.mjs",
      "file": "@angular_material_sort.js",
      "fileHash": "693ef4d1",
      "needsInterop": false
    },
    "@angular/material/table": {
      "src": "../../../../../../node_modules/@angular/material/fesm2022/table.mjs",
      "file": "@angular_material_table.js",
      "fileHash": "6127a972",
      "needsInterop": false
    },
    "@angular/material/toolbar": {
      "src": "../../../../../../node_modules/@angular/material/fesm2022/toolbar.mjs",
      "file": "@angular_material_toolbar.js",
      "fileHash": "a0f62514",
      "needsInterop": false
    },
    "@angular/platform-browser": {
      "src": "../../../../../../node_modules/@angular/platform-browser/fesm2022/platform-browser.mjs",
      "file": "@angular_platform-browser.js",
      "fileHash": "74833e9f",
      "needsInterop": false
    },
    "@angular/platform-browser/animations/async": {
      "src": "../../../../../../node_modules/@angular/platform-browser/fesm2022/animations/async.mjs",
      "file": "@angular_platform-browser_animations_async.js",
      "fileHash": "30342ccb",
      "needsInterop": false
    },
    "@angular/platform-server": {
      "src": "../../../../../../node_modules/@angular/platform-server/fesm2022/platform-server.mjs",
      "file": "@angular_platform-server.js",
      "fileHash": "84cd0045",
      "needsInterop": false
    },
    "@angular/router": {
      "src": "../../../../../../node_modules/@angular/router/fesm2022/router.mjs",
      "file": "@angular_router.js",
      "fileHash": "c98a8a77",
      "needsInterop": false
    },
    "@auth0/angular-jwt": {
      "src": "../../../../../../node_modules/@auth0/angular-jwt/fesm2015/auth0-angular-jwt.mjs",
      "file": "@auth0_angular-jwt.js",
      "fileHash": "1fb4fbf4",
      "needsInterop": false
    },
    "@fullcalendar/angular": {
      "src": "../../../../../../node_modules/@fullcalendar/angular/fesm2015/fullcalendar-angular.mjs",
      "file": "@fullcalendar_angular.js",
      "fileHash": "c5ff0aca",
      "needsInterop": false
    },
    "@fullcalendar/core": {
      "src": "../../../../../../node_modules/@fullcalendar/core/index.js",
      "file": "@fullcalendar_core.js",
      "fileHash": "17a9010d",
      "needsInterop": false
    },
    "@fullcalendar/daygrid": {
      "src": "../../../../../../node_modules/@fullcalendar/daygrid/index.js",
      "file": "@fullcalendar_daygrid.js",
      "fileHash": "74777e85",
      "needsInterop": false
    },
    "@stomp/stompjs": {
      "src": "../../../../../../node_modules/@stomp/stompjs/esm6/index.js",
      "file": "@stomp_stompjs.js",
      "fileHash": "b61aba04",
      "needsInterop": false
    },
    "file-saver": {
      "src": "../../../../../../node_modules/file-saver/dist/FileSaver.min.js",
      "file": "file-saver.js",
      "fileHash": "e1d99273",
      "needsInterop": true
    },
    "ngx-mat-timepicker": {
      "src": "../../../../../../node_modules/ngx-mat-timepicker/fesm2022/ngx-mat-timepicker.mjs",
      "file": "ngx-mat-timepicker.js",
      "fileHash": "b8603d5f",
      "needsInterop": false
    },
    "rxjs": {
      "src": "../../../../../../node_modules/rxjs/dist/cjs/index.js",
      "file": "rxjs.js",
      "fileHash": "7f3d7c2d",
      "needsInterop": true
    },
    "rxjs/operators": {
      "src": "../../../../../../node_modules/rxjs/dist/cjs/operators/index.js",
      "file": "rxjs_operators.js",
      "fileHash": "fb9e93e8",
      "needsInterop": true
    },
    "sockjs-client": {
      "src": "../../../../../../node_modules/sockjs-client/lib/entry.js",
      "file": "sockjs-client.js",
      "fileHash": "adbb2288",
      "needsInterop": true
    },
    "stompjs": {
      "src": "../../../../../../node_modules/stompjs/index.js",
      "file": "stompjs.js",
      "fileHash": "06df36f6",
      "needsInterop": true
    }
  },
  "chunks": {
    "browser-3YPNYXQX": {
      "file": "browser-3YPNYXQX.js"
    },
    "chunk-75JIJ3ZU": {
      "file": "chunk-75JIJ3ZU.js"
    },
    "xhr2-ISERFGGE": {
      "file": "xhr2-ISERFGGE.js"
    },
    "chunk-7SP5QPMQ": {
      "file": "chunk-7SP5QPMQ.js"
    },
    "chunk-VUYRRVWM": {
      "file": "chunk-VUYRRVWM.js"
    },
    "chunk-IQSMAVKR": {
      "file": "chunk-IQSMAVKR.js"
    },
    "chunk-NF6A3WWJ": {
      "file": "chunk-NF6A3WWJ.js"
    },
    "chunk-TOR324M3": {
      "file": "chunk-TOR324M3.js"
    },
    "chunk-PD5WXBCA": {
      "file": "chunk-PD5WXBCA.js"
    },
    "chunk-WHBG7UEB": {
      "file": "chunk-WHBG7UEB.js"
    },
    "chunk-GGCDIAFL": {
      "file": "chunk-GGCDIAFL.js"
    },
    "chunk-BQHKYAAK": {
      "file": "chunk-BQHKYAAK.js"
    },
    "chunk-SNEQRF4B": {
      "file": "chunk-SNEQRF4B.js"
    },
    "chunk-T3Q5TF5G": {
      "file": "chunk-T3Q5TF5G.js"
    },
    "chunk-7BGPISLG": {
      "file": "chunk-7BGPISLG.js"
    },
    "chunk-3AGKIAHQ": {
      "file": "chunk-3AGKIAHQ.js"
    },
    "chunk-VW4TDS73": {
      "file": "chunk-VW4TDS73.js"
    },
    "chunk-QMXQBEA7": {
      "file": "chunk-QMXQBEA7.js"
    },
    "chunk-FY2PTGSB": {
      "file": "chunk-FY2PTGSB.js"
    },
    "chunk-5F66ZG5C": {
      "file": "chunk-5F66ZG5C.js"
    },
    "chunk-L2YUVUV6": {
      "file": "chunk-L2YUVUV6.js"
    },
    "chunk-DV5FXBKA": {
      "file": "chunk-DV5FXBKA.js"
    },
    "chunk-WG3KBWZJ": {
      "file": "chunk-WG3KBWZJ.js"
    },
    "chunk-5IW5ZEPE": {
      "file": "chunk-5IW5ZEPE.js"
    },
    "chunk-UOPINYA3": {
      "file": "chunk-UOPINYA3.js"
    },
    "chunk-RPWZ4CMX": {
      "file": "chunk-RPWZ4CMX.js"
    },
    "chunk-NQ4HTGF6": {
      "file": "chunk-NQ4HTGF6.js"
    }
  }
}