{
  "hash": "74d6aad0",
  "configHash": "ce581d37",
  "lockfileHash": "38920ded",
  "browserHash": "c524e581",
  "optimized": {
    "@angular/common": {
      "src": "../../../../../../node_modules/@angular/common/fesm2022/common.mjs",
      "file": "@angular_common.js",
      "fileHash": "47c472e7",
      "needsInterop": false
    },
    "@angular/common/http": {
      "src": "../../../../../../node_modules/@angular/common/fesm2022/http.mjs",
      "file": "@angular_common_http.js",
      "fileHash": "da98686a",
      "needsInterop": false
    },
    "@angular/core": {
      "src": "../../../../../../node_modules/@angular/core/fesm2022/core.mjs",
      "file": "@angular_core.js",
      "fileHash": "cd9022cd",
      "needsInterop": false
    },
    "@angular/forms": {
      "src": "../../../../../../node_modules/@angular/forms/fesm2022/forms.mjs",
      "file": "@angular_forms.js",
      "fileHash": "f649ada6",
      "needsInterop": false
    },
    "@angular/material/autocomplete": {
      "src": "../../../../../../node_modules/@angular/material/fesm2022/autocomplete.mjs",
      "file": "@angular_material_autocomplete.js",
      "fileHash": "8ad4dde4",
      "needsInterop": false
    },
    "@angular/material/button": {
      "src": "../../../../../../node_modules/@angular/material/fesm2022/button.mjs",
      "file": "@angular_material_button.js",
      "fileHash": "363093fc",
      "needsInterop": false
    },
    "@angular/material/card": {
      "src": "../../../../../../node_modules/@angular/material/fesm2022/card.mjs",
      "file": "@angular_material_card.js",
      "fileHash": "28b0c9c1",
      "needsInterop": false
    },
    "@angular/material/checkbox": {
      "src": "../../../../../../node_modules/@angular/material/fesm2022/checkbox.mjs",
      "file": "@angular_material_checkbox.js",
      "fileHash": "8a980cc1",
      "needsInterop": false
    },
    "@angular/material/chips": {
      "src": "../../../../../../node_modules/@angular/material/fesm2022/chips.mjs",
      "file": "@angular_material_chips.js",
      "fileHash": "7e36eaf1",
      "needsInterop": false
    },
    "@angular/material/core": {
      "src": "../../../../../../node_modules/@angular/material/fesm2022/core.mjs",
      "file": "@angular_material_core.js",
      "fileHash": "e28788b7",
      "needsInterop": false
    },
    "@angular/material/datepicker": {
      "src": "../../../../../../node_modules/@angular/material/fesm2022/datepicker.mjs",
      "file": "@angular_material_datepicker.js",
      "fileHash": "5fa5b164",
      "needsInterop": false
    },
    "@angular/material/dialog": {
      "src": "../../../../../../node_modules/@angular/material/fesm2022/dialog.mjs",
      "file": "@angular_material_dialog.js",
      "fileHash": "651bf906",
      "needsInterop": false
    },
    "@angular/material/divider": {
      "src": "../../../../../../node_modules/@angular/material/fesm2022/divider.mjs",
      "file": "@angular_material_divider.js",
      "fileHash": "25310acf",
      "needsInterop": false
    },
    "@angular/material/form-field": {
      "src": "../../../../../../node_modules/@angular/material/fesm2022/form-field.mjs",
      "file": "@angular_material_form-field.js",
      "fileHash": "a90ea930",
      "needsInterop": false
    },
    "@angular/material/icon": {
      "src": "../../../../../../node_modules/@angular/material/fesm2022/icon.mjs",
      "file": "@angular_material_icon.js",
      "fileHash": "ee3c71e5",
      "needsInterop": false
    },
    "@angular/material/input": {
      "src": "../../../../../../node_modules/@angular/material/fesm2022/input.mjs",
      "file": "@angular_material_input.js",
      "fileHash": "6a5b73b6",
      "needsInterop": false
    },
    "@angular/material/list": {
      "src": "../../../../../../node_modules/@angular/material/fesm2022/list.mjs",
      "file": "@angular_material_list.js",
      "fileHash": "eebbb94c",
      "needsInterop": false
    },
    "@angular/material/paginator": {
      "src": "../../../../../../node_modules/@angular/material/fesm2022/paginator.mjs",
      "file": "@angular_material_paginator.js",
      "fileHash": "c9eeee7d",
      "needsInterop": false
    },
    "@angular/material/progress-spinner": {
      "src": "../../../../../../node_modules/@angular/material/fesm2022/progress-spinner.mjs",
      "file": "@angular_material_progress-spinner.js",
      "fileHash": "13985b79",
      "needsInterop": false
    },
    "@angular/material/radio": {
      "src": "../../../../../../node_modules/@angular/material/fesm2022/radio.mjs",
      "file": "@angular_material_radio.js",
      "fileHash": "07aef3a1",
      "needsInterop": false
    },
    "@angular/material/select": {
      "src": "../../../../../../node_modules/@angular/material/fesm2022/select.mjs",
      "file": "@angular_material_select.js",
      "fileHash": "1637fa7e",
      "needsInterop": false
    },
    "@angular/material/sidenav": {
      "src": "../../../../../../node_modules/@angular/material/fesm2022/sidenav.mjs",
      "file": "@angular_material_sidenav.js",
      "fileHash": "8dd34019",
      "needsInterop": false
    },
    "@angular/material/slide-toggle": {
      "src": "../../../../../../node_modules/@angular/material/fesm2022/slide-toggle.mjs",
      "file": "@angular_material_slide-toggle.js",
      "fileHash": "7afaad65",
      "needsInterop": false
    },
    "@angular/material/slider": {
      "src": "../../../../../../node_modules/@angular/material/fesm2022/slider.mjs",
      "file": "@angular_material_slider.js",
      "fileHash": "028795b5",
      "needsInterop": false
    },
    "@angular/material/snack-bar": {
      "src": "../../../../../../node_modules/@angular/material/fesm2022/snack-bar.mjs",
      "file": "@angular_material_snack-bar.js",
      "fileHash": "c1f2ddc6",
      "needsInterop": false
    },
    "@angular/material/sort": {
      "src": "../../../../../../node_modules/@angular/material/fesm2022/sort.mjs",
      "file": "@angular_material_sort.js",
      "fileHash": "17bf8e81",
      "needsInterop": false
    },
    "@angular/material/table": {
      "src": "../../../../../../node_modules/@angular/material/fesm2022/table.mjs",
      "file": "@angular_material_table.js",
      "fileHash": "734abd62",
      "needsInterop": false
    },
    "@angular/material/toolbar": {
      "src": "../../../../../../node_modules/@angular/material/fesm2022/toolbar.mjs",
      "file": "@angular_material_toolbar.js",
      "fileHash": "05884402",
      "needsInterop": false
    },
    "@angular/platform-browser": {
      "src": "../../../../../../node_modules/@angular/platform-browser/fesm2022/platform-browser.mjs",
      "file": "@angular_platform-browser.js",
      "fileHash": "f0996cda",
      "needsInterop": false
    },
    "@angular/platform-browser/animations/async": {
      "src": "../../../../../../node_modules/@angular/platform-browser/fesm2022/animations/async.mjs",
      "file": "@angular_platform-browser_animations_async.js",
      "fileHash": "f00b8314",
      "needsInterop": false
    },
    "@angular/router": {
      "src": "../../../../../../node_modules/@angular/router/fesm2022/router.mjs",
      "file": "@angular_router.js",
      "fileHash": "25aa5f09",
      "needsInterop": false
    },
    "@auth0/angular-jwt": {
      "src": "../../../../../../node_modules/@auth0/angular-jwt/fesm2020/auth0-angular-jwt.mjs",
      "file": "@auth0_angular-jwt.js",
      "fileHash": "dc81437a",
      "needsInterop": false
    },
    "@fullcalendar/angular": {
      "src": "../../../../../../node_modules/@fullcalendar/angular/fesm2020/fullcalendar-angular.mjs",
      "file": "@fullcalendar_angular.js",
      "fileHash": "1273b609",
      "needsInterop": false
    },
    "@fullcalendar/core": {
      "src": "../../../../../../node_modules/@fullcalendar/core/index.js",
      "file": "@fullcalendar_core.js",
      "fileHash": "b2511f08",
      "needsInterop": false
    },
    "@fullcalendar/daygrid": {
      "src": "../../../../../../node_modules/@fullcalendar/daygrid/index.js",
      "file": "@fullcalendar_daygrid.js",
      "fileHash": "3076a385",
      "needsInterop": false
    },
    "@stomp/stompjs": {
      "src": "../../../../../../node_modules/@stomp/stompjs/esm6/index.js",
      "file": "@stomp_stompjs.js",
      "fileHash": "24da2777",
      "needsInterop": false
    },
    "file-saver": {
      "src": "../../../../../../node_modules/file-saver/dist/FileSaver.min.js",
      "file": "file-saver.js",
      "fileHash": "dabcbfd7",
      "needsInterop": true
    },
    "ngx-mat-timepicker": {
      "src": "../../../../../../node_modules/ngx-mat-timepicker/fesm2022/ngx-mat-timepicker.mjs",
      "file": "ngx-mat-timepicker.js",
      "fileHash": "22d9a0d9",
      "needsInterop": false
    },
    "rxjs": {
      "src": "../../../../../../node_modules/rxjs/dist/esm5/index.js",
      "file": "rxjs.js",
      "fileHash": "28d0a14a",
      "needsInterop": false
    },
    "rxjs/operators": {
      "src": "../../../../../../node_modules/rxjs/dist/esm5/operators/index.js",
      "file": "rxjs_operators.js",
      "fileHash": "63faa989",
      "needsInterop": false
    },
    "sockjs-client": {
      "src": "../../../../../../node_modules/sockjs-client/lib/entry.js",
      "file": "sockjs-client.js",
      "fileHash": "2545ebd2",
      "needsInterop": true
    },
    "stompjs": {
      "src": "../../../../../../node_modules/stompjs/index.js",
      "file": "stompjs.js",
      "fileHash": "fca8788f",
      "needsInterop": true
    }
  },
  "chunks": {
    "browser-FL6DATEK": {
      "file": "browser-FL6DATEK.js"
    },
    "chunk-LDZGC7E7": {
      "file": "chunk-LDZGC7E7.js"
    },
    "chunk-ULJGACYD": {
      "file": "chunk-ULJGACYD.js"
    },
    "chunk-JJ75LRMA": {
      "file": "chunk-JJ75LRMA.js"
    },
    "chunk-RXBORFYU": {
      "file": "chunk-RXBORFYU.js"
    },
    "chunk-X2NAMIBB": {
      "file": "chunk-X2NAMIBB.js"
    },
    "chunk-OFT2PM4K": {
      "file": "chunk-OFT2PM4K.js"
    },
    "chunk-C5K3SCLN": {
      "file": "chunk-C5K3SCLN.js"
    },
    "chunk-BO3DFA2M": {
      "file": "chunk-BO3DFA2M.js"
    },
    "chunk-REMIWYPJ": {
      "file": "chunk-REMIWYPJ.js"
    },
    "chunk-C3NEDJQA": {
      "file": "chunk-C3NEDJQA.js"
    },
    "chunk-VJ4KDBN5": {
      "file": "chunk-VJ4KDBN5.js"
    },
    "chunk-UYUST2ZR": {
      "file": "chunk-UYUST2ZR.js"
    },
    "chunk-BLQ6AQ42": {
      "file": "chunk-BLQ6AQ42.js"
    },
    "chunk-YBZONHE6": {
      "file": "chunk-YBZONHE6.js"
    },
    "chunk-J5ZF6PCF": {
      "file": "chunk-J5ZF6PCF.js"
    },
    "chunk-PKGQU5Z6": {
      "file": "chunk-PKGQU5Z6.js"
    },
    "chunk-5YE556SD": {
      "file": "chunk-5YE556SD.js"
    },
    "chunk-4ACFFSE2": {
      "file": "chunk-4ACFFSE2.js"
    },
    "chunk-TTAMARSV": {
      "file": "chunk-TTAMARSV.js"
    },
    "chunk-M4ZQSH5N": {
      "file": "chunk-M4ZQSH5N.js"
    },
    "chunk-4N4GOYJH": {
      "file": "chunk-4N4GOYJH.js"
    },
    "chunk-5OPE3T2R": {
      "file": "chunk-5OPE3T2R.js"
    },
    "chunk-FHTVLBLO": {
      "file": "chunk-FHTVLBLO.js"
    },
    "chunk-3OV72XIM": {
      "file": "chunk-3OV72XIM.js"
    }
  }
}